{
  "alpha_pattern": {},
  "auto_mapping": null,
  "base_model_name_or_path": "berkeley-nest/Starling-LM-7B-alpha",
  "bias": "none",
  "eva_config": null,
  "exclude_modules": null,
  "fan_in_fan_out": false,
  "inference_mode": true,
  "init_lora_weights": true,
  "layer_replication": null,
  "layers_pattern": null,
  "layers_to_transform": null,
  "loftq_config": {},
  "lora_alpha": 32,
  "lora_bias": false,
  "lora_dropout": 0.1,
  "megatron_config": null,
  "megatron_core": "megatron.core",
  "modules_to_save": null,
  "peft_type": "LORA",
  "r": 16,
  "rank_pattern": {},
  "revision": null,
  "target_modules": [
    "layers.22.self_attn.k_proj",
    "layers.31.self_attn.k_proj",
    "layers.20.self_attn.v_proj",
    "layers.26.self_attn.v_proj",
    "layers.24.self_attn.q_proj",
    "layers.24.self_attn.v_proj",
    "layers.30.self_attn.v_proj",
    "layers.27.self_attn.v_proj",
    "layers.20.self_attn.k_proj",
    "layers.30.self_attn.q_proj",
    "layers.25.self_attn.v_proj",
    "layers.23.self_attn.v_proj",
    "layers.30.self_attn.k_proj",
    "layers.23.self_attn.q_proj",
    "layers.28.self_attn.k_proj",
    "layers.31.self_attn.q_proj",
    "layers.29.self_attn.v_proj",
    "layers.22.self_attn.q_proj",
    "layers.22.self_attn.v_proj",
    "layers.24.self_attn.k_proj",
    "layers.23.self_attn.k_proj",
    "layers.21.self_attn.v_proj",
    "layers.31.self_attn.v_proj",
    "layers.29.self_attn.k_proj",
    "layers.21.self_attn.k_proj",
    "layers.28.self_attn.v_proj",
    "layers.20.self_attn.q_proj",
    "layers.26.self_attn.q_proj",
    "layers.25.self_attn.q_proj",
    "layers.29.self_attn.q_proj",
    "layers.26.self_attn.k_proj",
    "layers.27.self_attn.k_proj",
    "layers.28.self_attn.q_proj",
    "layers.25.self_attn.k_proj",
    "layers.21.self_attn.q_proj",
    "layers.27.self_attn.q_proj"
  ],
  "task_type": "CAUSAL_LM",
  "use_dora": false,
  "use_rslora": false
}