{
  "additional_special_tokens": [
    "<|end_of_turn|>",
    "<|pad_0|>"
  ],
  "bos_token": {
    "content": "<s>",
    "lstrip": false,
    "normalized": false,
    "rstrip": false,
    "single_word": false
  },
  "eos_token": {
    "content": "<|end_of_turn|>",
    "lstrip": false,
    "normalized": false,
    "rstrip": false,
    "single_word": false
  },
  "pad_token": "<|end_of_turn|>",
  "sep_token": "<sep>",
  "unk_token": {
    "content": "<unk>",
    "lstrip": false,
    "normalized": false,
    "rstrip": false,
    "single_word": false
  }
}
